Token,Frequency,TF-IDF
dạy,3170,0.058576321927950724
học,2659,0.035005114203539654
bài,2337,0.04079305132896735
tình,2267,0.05409146579076314
không,2180,0.03249280056163706
giảng,2112,0.043588069393588925
có,2031,0.031036452110450547
rất,1965,0.04231510725155295
nhiệt,1931,0.04890944535982147
hiểu,1730,0.038429890536565356
nhiều,1622,0.030651607461266207
tập,1458,0.02863644692601604
dễ,1441,0.0368674899522811
thực,1435,0.024704200599220575
môn,1120,0.018330156448387605
nên,1088,0.018986597027358814
tâm,1080,0.03166811789425521
thức,1048,0.020271986517893324
được,1026,0.017367722134391105
kiến,1022,0.020549490306631606
hơn,1016,0.019970687383775394
tận,995,0.031049005067150876
hay,930,0.02546933834132896
lớp,912,0.018310005226561697
hành,893,0.017186100151852884
cần,831,0.016473136667512402
trong,816,0.01512008330976409
làm,799,0.01458499098849541
các,791,0.013329745118498467
quá,752,0.016939603486768557
tốt,746,0.02114857141779356
khó,709,0.01722754085794031
tài,705,0.014660780460645851
liệu,702,0.014553203052424683
vui,662,0.0218925467916631
về,613,0.01227389791257301
chưa,606,0.014052325477713854
cách,580,0.013391372067264895
lý,580,0.011965715387189255
truyền,577,0.0156945273717204
đạt,559,0.01522967333726687
những,559,0.009881099456131116
giờ,550,0.014027961026906463
tính,515,0.015606632745025509
thể,504,0.009468366966560985
đề,496,0.010282422315766815
thời,490,0.0101121225126957
trình,477,0.009737906422662082
dẫn,456,0.01180980349797755
nói,447,0.010573761318051957
thuyết,437,0.009557477694348655
giải,436,0.010767737523734269
lên,434,0.010442978145821106
chỉ,431,0.009215745522472039
việc,428,0.008765202547613284
đến,423,0.009859768598950845
dụng,416,0.00896359464357166
kỹ,416,0.011896058399257163
gian,408,0.008963006171149437
hơi,406,0.013208638691819874
giúp,402,0.010122812821181318
hướng,397,0.010789107523847746
dung,395,0.008910241316287065
còn,393,0.008950328495278942
tiết,388,0.010723310253356311
thêm,386,0.009483612479510167
trên,376,0.008024376725689904
nội,376,0.008573703662380838
năng,376,0.009031904339186896
tiếp,373,0.009090959350701245
này,373,0.007669537095197574
phần,368,0.007710708638185827
quan,367,0.01031532909556914
bị,361,0.007943100759502587
đủ,357,0.009805900009652884
ra,355,0.007304912157035599
phòng,345,0.007621008161532062
cũng,340,0.006817167291961119
động,333,0.00850494565091076
điểm,331,0.007178576096715091
vào,330,0.00717442489703213
quả,320,0.008480744627663116
đi,320,0.007563113534781775
tạo,312,0.007452178970840922
sự,309,0.00787482790470541
rõ,307,0.007650817620242579
thi,299,0.006760765394845492
hợp,299,0.006937788901063179
khá,298,0.009016082579483132
án,295,0.005771384463269393
máy,294,0.006736764766954044
thu,293,0.008345170943018709
phải,289,0.005496641862975364
cấp,288,0.007370922058225187
đúng,287,0.009222949616228156
vẻ,284,0.010701507494786697
tế,283,0.007715567119036658
nhanh,283,0.009841942959783662
buổi,281,0.006378883744528888
hiệu,279,0.008006849329436952
kỳ,278,0.005829500141835943
đồ,267,0.005324218586279472
pháp,259,0.007195140362127434
đầy,259,0.0080705381475397
thường,258,0.0065481658337234105
gì,257,0.006024120546052489
số,257,0.005886992376546819
thiết,255,0.006192876397946852
mới,254,0.005614377758748892
ít,253,0.007852314684202326
ví,253,0.006653191511069175
dụ,251,0.006617373434708734
lượng,249,0.006476001206240684
cao,247,0.00638511570830691
theo,241,0.0056362062059898245
nghe,241,0.006705966711259563
phương,234,0.006750111690639078
công,227,0.005477750672207263
luôn,226,0.006229654731587143
thông,226,0.004957460466763162
báo,221,0.004866540630650101
thiện,219,0.007878336634265303
đáp,219,0.005684961269467038
cung,217,0.005912543613158554
cảm,216,0.006246863078009609
bảo,214,0.006373263049974772
nhà,212,0.0054837473633998525
trường,210,0.004397837187509014
biết,205,0.004790172355593638
thấy,204,0.0051057391382680764
vấn,202,0.004837251067234744
chất,198,0.005307633454353561
trước,198,0.004656504126444016
huyết,198,0.008867726518669615
tự,195,0.004500492297862777
tiếng,194,0.004809709207916098
hỏi,193,0.004254814563030244
mong,192,0.0048246671931873545
nghỉ,190,0.0057649566633306195
sau,187,0.003827020663223266
sử,184,0.004558758448370742
mắc,184,0.005065491570314399
liên,183,0.004645167692260255
chi,181,0.006307288712231777
từ,178,0.003891915672389654
khả,177,0.005159942350309212
hứng,176,0.005159725138441585
thắc,174,0.004886749518750876
thân,173,0.00707709456449206
đưa,173,0.004389582986443964
cụ,172,0.004802954939969962
khác,172,0.003659447216507018
nào,168,0.0038544684725794484
nhóm,168,0.003965843235034899
gần,168,0.005754520517754222
đảm,166,0.005010172840046528
hài,165,0.005775934704148461
thú,164,0.0048730008364946745
thích,163,0.005290565160534373
cả,161,0.0037633952564789038
nhất,157,0.0037477658216629054
sát,155,0.004831149507493891
anh,155,0.004083676679806519
điều,154,0.003913982836519871
xuyên,152,0.004307443250637824
lúc,151,0.004077506704978942
gây,151,0.0037744963644931
qua,150,0.0033581216983992724
cập,150,0.004055333159328495
hình,150,0.0037536187805462325
hệ,148,0.004045209709018759
người,148,0.003427775447029132
cuối,146,0.0031228275030359847
trọng,145,0.004078067065938102
cơ,145,0.003413708724106716
nắm,143,0.00362643918476981
tiễn,143,0.004252568248665254
nâng,143,0.004293741867191933
đỡ,143,0.005334588843272415
chương,142,0.0037754388187627042
câu,140,0.003081843596936649
đổi,136,0.0036135833419200475
tăng,134,0.004059775268548909
áp,134,0.0037105179542695627
chuyên,134,0.004033626222315529
sâu,134,0.003956622919051748
hoạt,131,0.0037716028807382855
chán,130,0.003997638678611666
đầu,128,0.002892552425082111
ngoài,127,0.003212879917155838
ràng,127,0.003976556298690892
lòng,125,0.00449749291729255
tới,125,0.003585990829048126
bằng,124,0.003219778486677181
nữa,124,0.003668586543276494
nhật,123,0.00355332131650394
thay,122,0.002853785732275121
bản,121,0.002807201160921297
kết,120,0.0029341813075535778
bắt,120,0.0028693474944191406
độ,120,0.0031788397832655173
phù,119,0.003289723094138673
hết,118,0.0035974119752176983
nghĩ,117,0.0029399074611128864
do,117,0.0025528827855769228
cực,116,0.00398933052921824
đồng,115,0.003950198977087531
bổ,113,0.0031505315855129873
mỗi,113,0.002642709579360069
tương,112,0.0035670910714009018
trung,111,0.0029800589708231626
yêu,110,0.002615156332392404
tìm,110,0.0025977624203583328
chiếu,109,0.002903949751569539
tác,109,0.003724226937094491
ngủ,108,0.0033443030160315327
đôi,107,0.003666427420819771
cầu,106,0.002366848024044896
trễ,105,0.003556109511178243
đều,105,0.002838690035000829
thật,104,0.0029590263318209956
lời,104,0.0028740849659066978
sửa,103,0.0032205497484788692
hiện,103,0.002507000448205031
ứng,103,0.0026754994954140262
từng,102,0.002918121667352354
thương,102,0.004522717161197762
tích,101,0.00328536697611598
trợ,100,0.0030490626623983445
thống,100,0.0026562420787143233
cái,100,0.002221044182963158
thoải,100,0.0034952973620415773
chủ,99,0.002760196733339269
buồn,99,0.003178512184568692
giữa,99,0.002419201728744423
mái,99,0.0034814429960429594
chấm,99,0.002541621296918432
ôn,98,0.0030824076425925995
nghiệm,98,0.002856126498009367
gũi,97,0.0040503927246432325
phân,97,0.002415347783308163
vẫn,96,0.002377446794587381
ích,95,0.0029861574699340185
tin,95,0.002372698282481309
tra,94,0.0025775863416131807
kiểm,93,0.0025521289901312243
chuẩn,92,0.0028187368495584918
thiếu,91,0.00296262763377407
lực,90,0.002733256967178815
kịp,89,0.0027346538609106397
hỗ,89,0.002728835754553098
chậm,89,0.0031588202636659204
đọc,88,0.0023244198904957586
nhỏ,88,0.0028210168676483043
kinh,86,0.0026674105054639245
hoặc,85,0.0018289864386145723
chuyện,84,0.00257355078677853
rộng,83,0.0027746887282023773
sinh,83,0.0028764355619787397
hút,83,0.0032764543589785242
hòa,82,0.0034238757737499264
trả,82,0.00233294059929051
vừa,82,0.0020983653480862075
lắm,81,0.003289053174641389
thành,79,0.001987288051698413
tham,79,0.0021465027500420404
định,79,0.001998574497615464
thế,78,0.0018315077913881414
toàn,78,0.002088080934835095
ngữ,78,0.0020205396608114277
đa,78,0.0024061226946327494
cùng,77,0.0019348966386651372
xem,77,0.0021374578133488147
mở,77,0.0024059411608286555
tuần,77,0.0020883557951721283
lịch,77,0.002106905408225194
phát,77,0.0021630691410074346
chú,76,0.0024725531876287877
mọi,76,0.0023063151810603475
lần,75,0.0020577781417082143
chia,75,0.002252255623335913
lập,75,0.0017026845275012034
tại,74,0.002004215169548422
mạng,74,0.001712335358118186
mang,74,0.0020530475424221247
hoàn,73,0.0019012664350893107
cải,72,0.0022326658534265404
bù,72,0.002086134052603899
bày,72,0.002153151913480016
đánh,72,0.0019513738066957212
khóa,71,0.0018326438353583902
giao,70,0.0022420077837770054
chính,70,0.00193251090887313
luyện,68,0.0022170544729259983
dạng,68,0.002351796812777338
muốn,68,0.0017522636599451244
cáo,67,0.0015208255221933857
khăn,67,0.0017197333470900938
giọng,67,0.0024351244552549525
phong,66,0.00232288992379166
chung,66,0.0018876119031438284
ngành,65,0.0016235892087888594
dài,65,0.00208001314565628
ơn,64,0.002951370553952951
khiến,64,0.001666278496562182
khảo,64,0.001776561696763058
sai,64,0.0015964856650061488
viết,64,0.0017251602726027677
giá,63,0.0017564734474641611
nhàm,62,0.0020345836061380664
nhận,62,0.001590506010191909
nhìn,62,0.001754634271448219
gặp,61,0.0018381288450699193
mất,61,0.0016094093202262151
cố,61,0.0018918852834827551
nhau,61,0.0015803209141158356
bộ,61,0.0016139656725369228
đang,61,0.0014165418204058072
thứ,60,0.0016593181209378187
sắp,60,0.0015076281161763296
ngày,60,0.0014323052920528858
yếu,59,0.001625794985988832
mục,59,0.0015824875715237466
ngồi,57,0.0013419851957528605
hiền,57,0.0029650440470953875
khoa,57,0.0014043188515603
bỏ,57,0.0017148927802138048
danh,56,0.0018648443681006201
nhiên,56,0.0015574477746542967
chỗ,55,0.0017440291240616978
xếp,55,0.001385300983929228
xác,55,0.0016560178884831446
dùng,55,0.0015089503507419468
chứ,54,0.001181768804715472
nó,54,0.0013739030812235848
lớn,54,0.0014975772032293899
nghiêm,53,0.0021284855028398096
vài,53,0.0015047071971042427
minh,53,0.0017146948889147702
năm,53,0.001295508720217584
sao,53,0.0013341785940948641
chịu,52,0.0022226269590997195
hạn,52,0.0014069713136369876
nộp,52,0.0013790432541434898
nghị,52,0.0016160142458039786
đặc,52,0.0013382644063239515
lab,52,0.0014828338904355795
so,52,0.0015673785541219067
bên,52,0.001397299689269601
bọn,52,0.001151085816856643
hước,51,0.002252203768532613
cường,51,0.0018309331693318505
càng,51,0.0019174661175372669
toán,51,0.0013974582899131266
tuyệt,51,0.002089900797364063
đặt,51,0.0013797371350442963
đáo,50,0.0022616085326560504
sở,50,0.0013586713401625118
chút,50,0.0016728328519320977
tất,50,0.001545183600820744
kiện,50,0.0015380620722552298
tư,50,0.001486412000784008
website,50,0.0014677442384789974
bảng,50,0.0013438544449616268
chu,50,0.0022483676784792687
vận,50,0.0016506423254548585
nóng,49,0.0016650009101787427
sớm,49,0.0016887134676533961
biệt,49,0.0013048470170559123
giảm,48,0.0015120480883448655
vọng,48,0.0014303725141062663
tránh,48,0.0011909086216916694
smile,48,0.002010510947238854
kém,48,0.0016500017089768491
bám,48,0.0018258250610675996
lấy,47,0.0012420480960000982
họa,46,0.001530405451917655
âm,46,0.0014436545765122413
khí,46,0.0016485788784967297
nghiệp,46,0.0013294613633433477
lỗi,46,0.001339883467695828
mềm,46,0.001084877825340648
mặc,45,0.0012199448050939006
xin,45,0.0015098603937511246
trao,45,0.001539867312890549
cương,45,0.0015929665187866444
sáng,45,0.0013624397641690338
cuốn,45,0.0018052551415794864
cũ,45,0.0012989391178242482
trực,44,0.001449492576629611
ngắn,44,0.0014719828533817914
nổi,44,0.0014044338667543134
tục,44,0.0012552453440141627
chép,43,0.0015353427860349252
giác,43,0.0013392574363621365
lâu,43,0.0012142130362714821
xong,43,0.0010483155631713478
mặt,43,0.0013219056778431607
luận,42,0.0012718993563580496
ngay,42,0.0012017660009675567
bao,42,0.0012628294912760934
deadline,42,0.0013239313030046287
vị,42,0.0015632578084456281
cận,41,0.0013286250185847476
hội,41,0.001284837950014681
trò,41,0.001224306177002035
nặng,41,0.0012412126363424486
vô,40,0.0012592372223631056
ai,40,0.0010778847666618539
mờ,40,0.0010903999210867636
tiến,40,0.001193045129544849
nghệ,40,0.0009412205539390306
sức,40,0.0013450490237132907
cứu,39,0.0011736024627628456
chức,39,0.001061635025682787
seminar,39,0.0010097752900280418
sung,39,0.001168210753489781
phục,39,0.0011930260249826189
lan,39,0.0013249292880394975
việt,39,0.001092492826200524
giỏi,38,0.001814032679220004
nhớ,38,0.0011652599756882434
kể,38,0.0012222139590863225
mức,38,0.0010677342689488299
quyết,37,0.001143240175099504
tổ,37,0.0010221257138846708
nghiên,37,0.001133352877542178
riêng,37,0.0010443656732994227
nhắc,37,0.0011543682627236519
phút,36,0.0010569962241822146
sơ,36,0.0011054046205640176
sôi,36,0.001294060127245418
hầu,36,0.001018837097347352
mẫu,36,0.0013238451353233991
mấy,36,0.0008444305781559993
dàng,36,0.0009701576063351783
quạt,35,0.0011889214007291696
vời,35,0.0015366850878201048
sẻ,35,0.0013044562130395455
cứ,35,0.0008920918958917682
khắc,35,0.0013333726317069942
vật,35,0.0010910577191668995
man,35,0.0012296534711069053
viên,34,0.0010446660130188068
thuật,34,0.0009476848860730532
ảnh,34,0.0008746985530954513
xét,34,0.0010956547836818156
quy,33,0.000973293941889926
hai,33,0.0009030156581460085
túc,33,0.0013219269652969567
đào,33,0.0009224037607029976
rèn,33,0.0011144570513934274
bận,33,0.0012866081429949619
hy,33,0.0010804877840692832
chế,33,0.0010254971255873502
giới,33,0.0008530439254875378
chắc,32,0.0009459964820887233
gọn,32,0.0012143492767949416
micro,32,0.001085237228304291
khoảng,31,0.0008193518325104351
song,31,0.0009105853693928188
tiêu,31,0.0009103405561634191
bất,31,0.0008743593870341658
sách,30,0.000854016824395718
tụy,30,0.0016538193930787154
email,30,0.0009511325039489754
ngôn,30,0.0007678593766035569
sống,30,0.0009764830428025718
gửi,30,0.0009758247631577383
muộn,30,0.0013761708279213935
thảo,30,0.0011107348620847982
gia,30,0.0007884722643690046
sẵn,29,0.0009152806350725607
nghề,29,0.0009958914592818255
đại,29,0.0007401882067039764
thôi,29,0.0008997647484917332
ổn,29,0.0013671972558414495
loa,29,0.0008943663699184254
tốn,29,0.0007643156863790212
điện,28,0.0008364030715049818
tải,28,0.0009829940736290127
quản,28,0.0007138440076850715
nhiệm,28,0.0010271510273449425
thiệu,28,0.000746860919510258
trách,28,0.0010646584756492294
biểu,28,0.0007874491438999336
diễn,28,0.0009875884501383773
dành,28,0.000796281364308274
hồ,28,0.0008459304902817612
đơn,27,0.0007684863303984209
hấp,27,0.001145951313173975
chữ,27,0.0007301267578062095
vững,27,0.000963950832014101
khô,27,0.0008794413752932975
thúc,27,0.0008550088890174283
bớt,27,0.000959723950902073
hữu,27,0.001003246937850707
mơ,27,0.000832273558151144
hi,27,0.0008682205860256469
hư,26,0.0007875857058702292
tinh,26,0.0009029632267499269
trùng,26,0.0007786320228680937
chơi,26,0.0008392667697941051
bố,26,0.0007006429092871549
đối,26,0.0009401277969885687
triển,26,0.0006999505957894813
giản,25,0.000750000073350503
hưởng,25,0.0007035932620309244
thái,25,0.0010795997726096797
ghi,25,0.0007855637950144524
lắng,25,0.001004120935978542
nay,25,0.0006022013938133675
đăng,25,0.0006981118548833379
nhập,25,0.0007857239725099732
trạng,25,0.0007115173778304299
cộng,25,0.0006810755888613378
chạy,25,0.0006993419889458789
chữa,25,0.0008767911959482908
tổng,25,0.0007546152670752361
đứng,25,0.0008694240487144126
cấu,24,0.0006776386105223598
gắng,24,0.0009082593466804988
chỉnh,24,0.0006619595352619339
kéo,24,0.0007541064490574644
giấc,24,0.001071902448035266
bàn,24,0.0006861438424577362
xúc,24,0.000894717669771895
sót,24,0.000769056418049246
dữ,24,0.0006570701668753656
game,24,0.0005834087234784572
kế,23,0.0006581443381599619
chọn,23,0.0006289488743262951
cuộc,23,0.0006666986632265553
thẳng,23,0.0007415227422542577
kiểu,23,0.0007021530041965365
nghĩa,23,0.0007238741123923068
lôi,23,0.0010076850527556858
mô,23,0.0006811261049520313
trở,23,0.0006375699521803701
giống,23,0.0006403341517524667
xa,23,0.000630409023123842
dõi,23,0.0007233701391185738
vụ,23,0.0006589610465028446
đẹp,23,0.000925001615270387
hôm,23,0.0005408072547838686
tượng,23,0.0006859691775718696
đường,23,0.0007323200804714871
vắng,23,0.0009146350955667155
kẽ,22,0.0007697677117102014
sài,22,0.0008322748261077002
nhân,22,0.000533635525608607
sàng,22,0.0007802609295557907
duy,22,0.0006473030371238601
demo,22,0.0009019953517418922
lẫn,22,0.0006419642207169392
quát,22,0.0006512702322397635
dưới,22,0.0006010515854167647
củng,22,0.0007429782920599812
cứng,22,0.0008454587180105063
góp,22,0.0006897621948890745
hỏng,22,0.0006222614134088046
phú,22,0.0007774535831612357
đâu,22,0.0005208996148278696
chẳng,22,0.0005717013214035673
kiếm,21,0.0005403512011554818
thanh,21,0.0006131562271304854
nền,21,0.0005012621824837277
dịch,21,0.00047207991142149376
nêu,21,0.0006755549083378628
đích,21,0.0005846121902474732
buộc,21,0.0005898224133626589
tưởng,21,0.000679903589847599
video,20,0.0005939282020629675
trẻ,20,0.0008577104530585482
up,20,0.0006415291694190781
bình,20,0.0007458843854365263
linh,20,0.0007733786887428212
lạc,20,0.0005766293776964567
rằng,20,0.0005584107007383798
doanh,20,0.0005540560179964338
bước,20,0.0005746865803328637
thần,20,0.0007344356583046297
khan,20,0.0006576889755468045
trúc,19,0.0005597513293984609
cạnh,19,0.0005414344000120411
sang,19,0.0005471135558523122
nguyên,19,0.0007043283724241909
quý,19,0.0007328308072576627
căn,19,0.0006419406952503289
xuống,18,0.0005107927978925287
lưỡng,18,0.0008852889635578692
rớt,18,0.00046834301445414103
nổ,18,0.0008599181560548469
cài,18,0.0005786713174279273
dòng,18,0.0006058534859214361
phí,18,0.0005398466242833301
nhu,18,0.0005385702813036546
mạch,18,0.0005701260865406388
đừng,18,0.0005951901755488024
thụ,18,0.0007163123281686139
cá,18,0.00047311827908853307
đông,18,0.0006756365740644101
hề,18,0.0005089439886336981
tốc,17,0.0005983312331303858
tảng,17,0.0004121439678020433
lưu,17,0.000650981849918643
nhờ,17,0.0005583296553086161
giấy,17,0.0005685299596301232
phản,17,0.0005343696754040758
quên,17,0.0005804680053290273
cặn,17,0.00065353267943017
quen,17,0.0004916173099267251
bụi,17,0.0004311095687737085
đem,17,0.0005775315805126077
ồn,17,0.0005726690586616338
ngoại,17,0.0005102086039239474
laptop,16,0.00038037908952360015
tệ,16,0.00077281026927565
hóa,16,0.0005613618145381247
sợ,16,0.0005235723892174967
loại,16,0.000403898544304052
đáng,16,0.0005544604725426917
lai,16,0.0004133380072268909
khích,16,0.0004410584197654297
lẽ,16,0.00048489419264436567
nản,16,0.0005430158247492986
cám,16,0.0009124501454307087
chúc,16,0.0007228447971711542
xuất,16,0.0005341158257297403
chuyển,16,0.0004485125073242002
nhẹ,15,0.0005146422516061048
đời,15,0.00045872928235461983
ký,15,0.0004071128806901894
tín,15,0.00045415529142418034
xử,15,0.00041530057801759306
to,15,0.0006350977764839501
rối,15,0.0004952057241265317
xây,15,0.0003964491871572414
thưa,15,0.0005556636936877593
cởi,15,0.0007803993188776058
nơi,15,0.0004973715931003411
soạn,15,0.0005056742436839185
tối,15,0.00046721257744770987
chúng,15,0.0003812148227187265
dựng,15,0.00039231791238739013
mạnh,14,0.0004419162470933745
cười,14,0.0005463324068398915
nửa,14,0.00041064404756248135
nhằm,14,0.0003862057057187057
nối,14,0.0004604243473625209
chờ,14,0.00040992196922048365
lướt,14,0.0005093240313639003
nhầm,14,0.0004546751807700188
chóng,14,0.0004425206474356414
kèm,14,0.0004968691470358556
khe,14,0.0005774998536456386
rút,14,0.0003962525807444762
dặn,14,0.0003636071667326871
khách,14,0.0005903738462041874
lặp,14,0.00044086443040672964
trời,13,0.00043337372035318376
suy,13,0.00035213669084489325
ân,13,0.0006862268698822594
gợi,13,0.00044648154531905536
trừu,13,0.0004061739904719984
lề,13,0.0005237349465792873
lo,13,0.0005269319280082551
khuyến,13,0.00041042021255956353
đóng,13,0.0003864889298661571
thao,13,0.00033307022473059257
lợi,13,0.000419362871053136
nhiêu,13,0.0004346238237086627
mệt,13,0.0003707849160439676
thuộc,13,0.0004114214262438652
phức,13,0.000413759831315613
tiện,13,0.00042427830745191234
đợi,13,0.00034813201632795664
sad,13,0.0005571684933588694
phụ,13,0.00046560613671238975
giáo,13,0.0004724194324199348
ban,13,0.0003916684871421418
tên,13,0.0003212437957091625
wifi,12,0.0004657831122993589
con,12,0.0003634141091371908
nước,12,0.0003562968692728462
vựng,12,0.0004357762136096826
lố,12,0.0006084947190053795
đoạn,12,0.00027545133846026217
cân,12,0.0004186873361145651
lạ,12,0.0004842395690638307
đột,12,0.0003407560221791212
xảy,12,0.0003634440707333636
chiều,12,0.00040620245595723376
kênh,12,0.0003899749071999085
trục,12,0.00034647364685781864
tiên,12,0.0004573887152545422
hồi,12,0.00038612931806274804
ta,12,0.00036279507987330487
tiền,12,0.00030977152980464517
cắm,12,0.0003906233479553323
hàng,12,0.00042001998264910064
tỉ,12,0.0004961115130636161
hoạch,12,0.00035281463121930037
chị,12,0.0003598003050240742
thử,12,0.00038100393763760475
tháng,12,0.000282878984068878
trặc,12,0.00034647364685781864
chăm,12,0.0005191229502196286
chứng,11,0.000349470890500785
trưa,11,0.00034647155403892086
hăng,11,0.00047280698991984823
khỏe,11,0.00045863322682778335
tay,11,0.00025625157835631123
trí,11,0.0002852058242217134
dồi,11,0.0003896951285413108
coi,11,0.00040721789682457324
cửa,11,0.00027018244797877376
lắp,11,0.000360448690671863
xã,11,0.00039615047012774983
tạp,11,0.00037835840281061405
lĩnh,11,0.0003437043757797976
tầm,11,0.0003339733778124258
văn,11,0.00025192439805665756
logic,11,0.00041991124780358383
phép,11,0.00038005515433567127
căng,11,0.00043630397978297375
tắc,11,0.00045897993461829246
thoại,11,0.00039829932233466814
phấn,11,0.0003491974486373087
màn,11,0.00031827359826745955
nhở,11,0.00034574592494551656
phổ,11,0.0003437160293040366
khái,11,0.00029729803779984034
tả,11,0.00032778753212253805
biện,11,0.0002844036631456376
nguồn,10,0.00035637973679352483
tóm,10,0.0003977444024762932
chí,10,0.0002647234563141536
trưởng,10,0.00030934418970650406
môi,10,0.000316341389559564
bó,10,0.00029995504729574417
khắt,10,0.0004674245674985169
tí,10,0.00046761184177520005
kit,10,0.00032498769408245286
copy,10,0.0003066540254605563
ty,10,0.00032369831937843405
chả,10,0.0003323862481425196
lộn,9,0.0002797277223248772
đàn,9,0.0003450387252501493
thuận,9,0.00027823374423579107
đòi,9,0.0003198208164085746
hãy,9,0.0003397012104578432
bức,9,0.0003497183400352326
trai,9,0.00040814245169703894
mời,9,0.0002808520343339242
chê,9,0.00033128339315429957
móc,9,0.0003089114863299349
mỏi,9,0.00026469896360461966
biến,9,0.00027110475581812877
sắc,9,0.00036762462230911926
trừ,9,0.0002579025287964782
báu,9,0.00032700181693739533
nhàng,9,0.0003563151900237393
vực,9,0.0002936401714228088
che,9,0.00030677298859228266
gọi,9,0.0003235763983381296
nhộn,9,0.00042338500909982064
kích,9,0.000323967799038945
xen,9,0.0002890835151364928
kêu,9,0.0003583953812430862
xung,9,0.00031777018701558676
khuôn,9,0.0002946657251768175
kiên,9,0.0003794653100668748
tân,9,0.0005889782259178064
thoảng,9,0.0003397185586749173
ghế,9,0.00029099163637116404
love,9,0.0005483705516935032
trắc,9,0.000266089893955865
huy,9,0.0003614506192153282
trải,9,0.0002825735571475034
lệ,9,0.00023006218190305773
mỉ,9,0.0004434046205420846
thí,8,0.00024917620924381486
thấp,8,0.0002895659527478579
chiếm,8,0.0002681920978832176
viện,8,0.00028466589652202223
chéo,8,0.0001988394968665629
bữa,8,0.00037240871365698433
tranh,8,0.00026607019622427216
trau,8,0.00028891439700264997
ăn,8,0.00021482307004193048
suông,8,0.0003131071809292724
siêu,8,0.0004065590234258368
xíu,8,0.00035637006604226704
rời,8,0.0002895653577073772
tòi,8,0.0002404178246712678
xinh,8,0.0005404819212807469
tậm,8,0.00044703206280178996
thỉnh,8,0.00029384952365925967
nữ,8,0.00023555119612206403
tức,8,0.00023902163222868942
suốt,8,0.00018119706565264556
phía,8,0.00019804045524678924
khai,8,0.00024071367633813953
dựa,8,0.00023901127096184098
di,8,0.00019147480582837984
gắn,8,0.0002667827223828356
dãy,8,0.0002516076381138047
ha,8,0.00012951465294569516
may,8,0.000276252630188714
liền,8,0.00023965667064314785
họ,8,0.00013925386914915878
khối,8,0.0003062035512485095
lãng,8,0.0002649384709833375
gắt,8,0.00036719953522055735
trống,7,0.0002629588889190968
mẻ,7,0.0002909360754445074
tử,7,0.00023447168223758363
trị,7,0.0002202724058414799
dường,7,0.00022057217018582384
chân,7,0.0002939652700223352
gò,7,0.00022126192948745081
trầm,7,0.00033189769519951855
chém,7,0.0002486391552466193
suất,7,0.0002970012249588714
chuột,7,0.00020610399189788836
thù,7,0.00022300461076022536
lựa,7,0.00018315550780920653
họp,7,0.00022630499607632863
trì,7,0.0002484030589490035
thủ,7,0.0002906974301995336
vòng,7,0.0002509799211162958
cử,7,0.00021971924625285584
sạch,7,0.00020392032307056882
lệch,7,0.00022489413749563785
phỏng,7,0.00020345186530835085
chắn,7,0.0002608070746532538
post,7,0.00026527191504497553
nề,7,0.0002067227610849983
mê,7,0.0001944806333762869
rèm,7,0.0002255359633883702
ánh,7,0.0002066837742758349
dậy,6,0.0003776768112925537
vẽ,6,0.00018997439500953618
kính,6,0.00018938401094642336
lao,6,0.00019508877230094032
đặn,6,0.0003399734521487574
đậu,6,0.00016775375147758437
thất,6,0.00025074263909995696
phó,6,0.00014868178767573202
dần,6,0.0001628278187484975
thậm,6,0.00015658765764000785
ngược,6,0.0001680213155801006
hằng,6,0.00021574938251846503
hảo,6,0.0002423888196041558
dự,6,0.00020457761321830123
đố,6,0.0002339063895654624
quay,6,0.00015368841697681123
niềm,6,0.0002883782030100373
đẩy,6,0.00026146980333709564
nhấn,6,0.00020826027813159522
khía,6,0.00019801822152750448
niệm,6,0.0001702909484532515
khuyên,6,0.0002088181037057133
súc,6,0.00023254949618533747
khung,6,0.0002220038718781403
say,6,0.0002887553829319901
sản,6,0.0001721461991300923
gió,6,0.0002210338565836627
khổ,6,0.00021904243493839728
source,6,0.00013704796722429364
ghép,6,0.00018719005938198897
lành,6,0.00025643926146698745
rãi,6,0.00024544083286663686
nhúng,6,0.0001462283310204304
đam,6,0.00015225389419472497
bóng,6,0.00022890985087778597
chật,6,0.00018564582544973348
quyền,6,0.00018650674060527263
phẩm,6,0.0001721461991300923
ào,6,0.00021152633096479308
mò,6,0.00016546125262669741
mày,6,0.00016513790738185852
ham,6,0.0002477148582241024
cúp,6,0.0002520325172354663
diện,6,0.00017460324590495583
training,5,0.00021585818859175282
ơi,5,0.00019725088522532365
tuân,5,0.00022752493816368408
đùa,5,0.00016133826215607424
dây,5,0.0001512333325898095
sánh,5,0.0001817619952484603
mắn,5,0.0002035646946445361
sĩ,5,0.00018249992019918912
giám,5,0.0001713204105910295
đương,5,0.0001328934395275429
mến,5,0.0002751133981265752
sổ,5,0.00011843448337583027
nàn,5,0.00020275252148297117
nhạt,5,0.00016833763728486486
đứa,5,0.00015611852076565912
xe,5,0.00012968506801917367
thang,5,0.00015159932236564629
thiên,5,0.00020432325162749967
chênh,5,0.00016175946407534468
dám,5,0.00020724925245026998
chừng,5,0.00016563755405208156
bối,5,0.00017042544217303035
hiễu,5,0.000291756655918616
xấu,5,0.00014464147653836767
thâm,5,0.0002422452347558719
phạt,5,0.00017529551562993391
tắt,5,0.00015860301387515726
đua,5,0.00014518766638395888
mát,5,0.00015824202835414564
phiên,5,0.00016936499562292636
phim,5,0.0001955202235746986
pha,5,0.00018287901564918745
tùy,5,0.00015542655001265574
dục,5,0.00017070027974309422
nực,5,0.00018795691770700276
loát,5,0.00021413925388917234
ấn,5,0.0001751957419217984
bây,5,0.0001868858912850983
quốc,5,0.00015243353943285602
lung,5,0.00021468987176104736
bặm,5,0.0001322380911751996
khởi,5,0.00023617120034124037
rạc,5,0.00019551008362608027
hiếm,5,0.00017048172762611005
lạnh,5,0.00017429440346792906
gián,5,0.0001517124605841442
hẳn,5,0.0001771871009304946
ba,5,0.0001397847008940973
đọng,5,0.00014958045869115343
truy,5,0.00015142400584099283
lễ,5,0.00018700512606478227
biên,5,0.00017819013308533615
thừa,5,0.00016321017729187395
tràn,5,0.00018389712491002046
hái,5,0.00022045433391429926
thư,5,0.00011558637803732524
dừng,5,0.00012177375649125125
nha,5,0.0002467956955037765
clip,4,0.00011583897694855708
khớp,4,0.0001329566974538645
bụng,4,0.00024736695303627815
chấp,4,0.0001278908960954054
am,4,0.0001748397272051362
êm,4,0.00013787702998719448
gấp,4,0.00012708061965535351
ngán,4,0.00011623215533520315
thỏa,4,0.00013673388210253234
thắng,4,0.00014865558163110881
tán,4,0.00014651230202252728
mảng,4,0.00014410596683576306
chang,4,9.669832520404402e-05
dàn,4,0.0001593779289473497
chửi,4,0.00014971854489496857
yên,4,0.00012105719633278623
tuổi,4,0.00017117774510114298
ngừng,4,9.724651907958515e-05
khúc,4,0.00013307800237166565
dồn,4,0.00016860443692792474
vệ,4,9.85083337187258e-05
ước,4,0.00019555546432523539
thận,4,0.00016899795497791442
đợt,4,0.00011330585685919601
đau,4,0.0001520675902923419
vai,4,0.000107146020321189
quán,4,0.0001439026617011929
mã,4,0.00013346494100232594
lối,4,0.0001421147603642167
cẩn,4,0.00016899795497791442
la,4,0.00015366712268181375
phối,4,0.00018501142652725314
điển,4,0.00014540577689511292
đuối,4,0.00017046718410608389
kẹt,4,0.00011191156310005765
hóc,4,0.000113397886136656
gộp,4,0.0001318769164149023
lau,4,9.565614161026175e-05
chặt,4,0.000128939604174483
chết,4,0.00020474710348432543
quanh,4,0.00014327259714815097
kê,4,0.00010659305205174701
hạnh,4,0.00018479751040202829
lồng,4,0.00013457644012913105
đành,4,8.391580908211261e-05
thách,4,0.00020643953755624493
thác,4,0.00014267686409771875
tôn,4,0.00015807468267480958
surprise,4,0.00017881129071501033
thắn,4,0.0001769940530700741
hợt,4,0.00013061327634781466
hoang,4,0.00012182825176304586
hu,4,8.23162879689074e-05
mực,4,0.0001246090672444557
bút,4,5.016724665143287e-05
hụt,4,0.00012545757544765048
lương,4,0.00014008660782664515
lơ,4,0.00013865306992977955
hoài,4,0.00016614185366640782
nhẫn,4,0.00019674156876758303
giữ,4,0.00014108498906708578
dư,4,0.00014601295595878676
hủy,4,0.00013858750511479512
giơ,4,9.873327525382886e-05
nhảm,4,0.00012417603918449675
vốn,4,0.00011598923458030732
lửa,4,0.00020285552411115928
ngỡ,4,0.00014348762419308278
đạo,4,0.00017110110485126867
đươc,4,0.00015022809885012286
thô,4,0.00014796027765606257
dò,4,0.00015216555690241937
thưởng,4,0.00011960413553177724
giành,4,0.0001225470444297906
vở,4,0.00018895379425359871
thuần,4,0.00013618310012799748
vượt,4,0.0001489426288524931
tỷ,4,0.00010420617687410119
chăng,4,0.00013192945529521413
xài,4,0.0001045565077805781
lười,4,0.0001392170481231227
hời,4,0.00013061327634781466
nam,4,0.00010149891027381048
thói,3,0.00012670130275933096
vê,3,0.00015012378257131762
bạch,3,0.0001243253036806953
phận,3,0.00011482530215428574
gồm,3,8.334785161688324e-05
tan,3,0.00014969329173766176
thua,3,0.00010626701814430982
uyên,3,0.00013205775943154823
tươi,3,0.00013572095175721385
cỡ,3,8.16539374618721e-05
tiếc,3,0.00012361224954143292
bầu,3,0.00013794212326952913
ca,3,8.86633972605743e-05
phủ,3,9.005240002724543e-05
vàng,3,8.106245189234638e-05
da,3,0.00010321563918079921
thoáng,3,0.0001669160493089023
tui,3,0.0001546806459151706
cắt,3,8.887327646883493e-05
hào,3,0.0001060463351059936
hàm,3,8.393992108830006e-05
tung,3,0.00011834059107379311
cổ,3,8.31390032735296e-05
soát,3,0.00012000391888997913
trào,3,0.00010356764009382658
tròn,3,0.00010743137841485499
cốt,3,0.00010896312859212017
hẹp,3,0.00010156191432485564
xưng,3,7.56644489727725e-05
siêng,3,0.0001575612645549524
share,3,0.00017778596471982217
xộn,3,0.00015056587219421056
xứng,3,9.980850856193039e-05
khỏi,3,9.761890620628708e-05
rễ,3,0.00021642447921862523
tai,3,0.00011396377221359285
hôi,3,8.898886109877995e-05
hiều,3,0.00010566896374417307
rập,3,0.00011149414411510317
truyện,3,0.00013728064293233355
hoc,3,0.00011519166719661625
ép,3,0.00010569148291857545
hiêu,3,0.0001621951495555244
dân,3,0.00010881682580893341
khâu,3,8.775772238617347e-05
thày,3,0.00020476967324641634
hihi,3,0.00017517688001453277
quà,3,0.0001218467290050161
in,3,0.00010724322664914236
hàn,3,0.0001367226410482829
bẩn,3,0.00012942936864024617
ngột,3,9.665924531204235e-05
dí,3,0.00011082531610628616
chụp,3,0.0001027835151671939
nhắm,3,0.00011112371820121549
lõi,3,0.00010896312859212017
cây,3,0.00011824910137639389
nhồi,3,8.720203802328101e-05
dọn,3,7.97236387433892e-05
màng,3,0.00012835467119980975
mượn,3,0.00013375593105553017
dỏm,3,0.00011082531610628616
chổ,3,9.833320759174166e-05
não,3,6.995365092625329e-05
lâm,3,0.0001367226410482829
mông,3,0.00013229052509146642
nạp,3,0.00011902446857226204
dở,3,0.0001934250049813875
dơ,3,7.52716406170531e-05
ưu,3,0.00011482042189009933
đấu,3,0.00010376686377588758
đức,3,0.00012184203866929014
nghèo,3,8.396221847028226e-05
độc,3,0.00014282333012376875
lỡ,3,0.00011032085282560723
lọc,3,0.00010098047167824079
bai,3,0.00011133615350871748
nguyện,3,8.629678091344825e-05
miền,3,0.00013008796351215697
mật,3,0.00010445961746746336
miễn,3,8.549573617155006e-05
đắn,3,0.0001337574740010916
miệng,3,0.00011663351518786133
nhiễm,3,0.0001068191845647857
lượt,3,9.762498165134001e-05
lược,3,0.00010895566839456925
nắng,3,9.072950733253558e-05
lộ,3,0.00010633680522836091
phiền,3,0.00011363583390125169
phúc,3,0.00013510910999867996
đuổi,3,0.00012295233015890717
đá,3,0.00011349421514195007
cầm,3,8.568595032488808e-05
nỗi,3,0.00011868327209340701
phàn,3,0.00014257525349212848
đám,3,7.623510716584597e-05
phím,3,0.00010153937881663316
đoán,3,0.0001235474180882028
thúy,2,9.550483995474177e-05
vẹn,2,0.00010475662291761632
mẹ,2,7.204139666870733e-05
lầm,2,4.5826895652906446e-05
chào,2,0.0001751006828926633
dào,2,9.202946451801895e-05
bại,2,8.716793383873838e-05
bấm,2,7.899084054415225e-05
ngựa,2,7.028045941062499e-05
thơi,2,9.09447552045114e-05
bồi,2,8.697588164032535e-05
phê,2,9.299521068986826e-05
điệu,2,8.025450733265143e-05
thòi,2,7.652569813136015e-05
ngợp,2,7.735045812893904e-05
góc,2,7.87643576145268e-05
ngờ,2,5.7594011250375365e-05
vặt,2,8.168422705014806e-05
chuỗi,2,7.673774212039523e-05
trọn,2,0.00010475662291761632
thăm,2,4.965811028184563e-05
mãi,2,7.180918614052566e-05
loạt,2,5.4426329655887546e-05
nhiểu,2,3.02143598524788e-05
tấn,2,7.507403043218925e-05
đen,2,5.432679056975053e-05
gói,2,7.949526060506431e-05
nhã,2,8.524406820132035e-05
nhât,2,5.562901656064219e-05
đảo,2,4.8613775424094554e-05
thiểu,2,5.943251489511531e-05
bè,2,5.7843775582420425e-05
thiệt,2,7.652569813136015e-05
nhác,2,7.189913315354209e-05
phiếu,2,3.6229977490804873e-05
hộ,2,4.467031253563971e-05
ưa,2,8.33467902157011e-05
nhiêt,2,0.00014594383105942602
nhuần,2,5.796504234445935e-05
chèn,2,5.2094826015501956e-05
nhuyễn,2,5.796504234445935e-05
hoa,2,7.028045941062499e-05
hổng,2,8.529748113953454e-05
trừng,2,6.928843916119075e-05
mắt,2,6.731197999339144e-05
dày,2,6.129729065000665e-05
ngập,2,7.926310498457105e-05
dắt,2,7.680154965280439e-05
mối,2,6.816173411569042e-05
thấm,2,0.00011012005892181154
vầy,2,9.61994674105105e-05
đới,2,0.0001456249716186788
lệnh,2,6.704433844067643e-05
ngon,2,0.0001116747707531781
bục,2,8.49471202682962e-05
tầng,2,3.6669816710990636e-05
cam,2,4.191742411388607e-05
lang,2,4.6687075866358194e-05
tiềm,2,6.531944648061427e-05
đội,2,5.099016508111586e-05
tiểu,2,7.17275873409093e-05
vâng,2,0.00010275273813868744
gáp,2,8.045960992146489e-05
vinh,2,0.00010572240560537471
hì,2,7.31249158507828e-05
gàng,2,6.343351028785714e-05
vuông,2,7.204139666870733e-05
phố,2,5.455585293466697e-05
đồm,2,9.01807919504118e-05
hô,2,5.872212917907015e-05
gánh,2,5.2805353426963334e-05
đỗ,2,6.55615549679904e-05
treo,2,7.297921229516629e-05
bạc,2,6.342501630901329e-05
dạt,2,0.00013024068224674797
thự,2,4.761030819078298e-05
cú,2,7.173795597044229e-05
hung,2,9.43112242725012e-05
hả,2,8.884168908973234e-05
ké,2,8.533628014154922e-05
trần,2,9.04964752956127e-05
thấu,2,7.098946439619402e-05
huyến,2,9.88409661245328e-05
bổng,2,6.066205313760537e-05
ngẫm,2,6.42459103852313e-05
đẻ,2,8.06496796133547e-05
huống,2,7.270210016116289e-05
vướng,2,7.716975139074228e-05
mồ,2,6.240921038776787e-05
ngại,2,8.273230841736616e-05
dấu,2,6.048836233512492e-05
biếng,2,0.00010334208545187267
thẻ,2,7.140634679121558e-05
choáng,2,0.00010090711417698986
hắt,2,3.612418042769623e-05
hậu,2,0.00010274630152415696
thị,2,5.809160006666698e-05
bỡ,2,8.357285435910268e-05
chiến,2,7.760662855364864e-05
trưng,2,7.891427959409528e-05
thở,2,6.095784257175038e-05
mai,2,9.863324531132574e-05
nhét,2,6.846966826691943e-05
tuyến,2,8.418320126188703e-05
tam,2,6.231020409131707e-05
bề,2,5.6376210181200776e-05
đan,2,8.011995189229331e-05
nà,2,0.00010074555414052428
xưa,2,9.606803765599807e-05
đói,2,4.857722391730286e-05
giảnh,2,0.00012141321947068174
nhựa,2,7.736465349326272e-05
giang,2,0.00011783902747382482
cảnh,2,5.5652493186750176e-05
xóa,2,5.5870134035426034e-05
tòa,2,5.644891133143051e-05
quét,2,3.612418042769623e-05
mại,2,6.743543483835567e-05
ganh,2,6.446754369200257e-05
quân,2,5.50785108079797e-05
cưỡi,2,7.028045941062499e-05
nở,2,0.00011010479426323709
giàu,2,8.86607482717866e-05
bật,2,9.239517560907866e-05
rẻ,2,0.00011571441665546479
duyệt,2,7.214169628137754e-05
màu,2,5.607995474810885e-05
xạ,2,7.603196781549992e-05
tỉnh,2,0.00010923171346932022
tướng,2,6.487229340735012e-05
ghê,2,9.97166257772228e-05
bậc,2,6.19177238493073e-05
rộn,2,6.243277002144082e-05
dời,2,4.25387599809889e-05
ái,2,0.0001237753393968654
tĩnh,2,7.431742046184726e-05
đèn,2,0.00010483822237884589
tý,2,9.017971896689998e-05
ẩn,2,4.5551877046517366e-05
túng,2,8.711386673067754e-05
đên,2,9.567759728053574e-05
nương,2,6.036907551689892e-05
ắt,2,5.560783586577464e-05
tùm,2,5.195822203108997e-05
quăng,2,7.145332382188236e-05
nỗ,2,8.828084480345789e-05
tường,2,7.800170898720438e-05
chớ,2,3.6552376916496046e-05
cột,2,5.776078731370653e-05
xàm,2,5.526463532823053e-05
kho,2,6.938535306413751e-05
lưng,2,7.399995630236642e-05
chục,2,5.0583828561103144e-05
béo,2,0.00011304151113143189
tánh,2,0.0001584214106408435
lum,2,5.195822203108997e-05
khen,2,6.956713074529811e-05
ảo,2,7.52401115304121e-05
nhạc,2,7.403907754939287e-05
sữa,2,0.00010195279161486447
bé,2,6.428486800411322e-05
im,2,5.1544633889539484e-05
gủi,2,0.00013871197765105364
viền,2,6.374720813228792e-05
tấm,2,8.34819913411758e-05
máu,2,9.023713471321023e-05
paste,2,8.612134450125634e-05
dáng,2,7.409032512083371e-05
mua,2,4.224109680698374e-05
ôm,2,9.01807919504118e-05
khiếu,2,0.00010301004550152784
cờ,2,6.487229340735012e-05
nhẹn,2,8.923427242486509e-05
eemail,2,8.391121594152794e-05
nhịp,2,7.248263562511755e-05
khuyết,2,8.07318218335541e-05
nằm,2,4.298471517518907e-05
khủng,2,6.160097905614458e-05
nợ,2,9.564421742463199e-05
bác,2,9.228810699711312e-05
rè,2,9.742961164282048e-05
dể,2,0.0001231236402179486
kiển,2,7.19918371205876e-05
xu,2,8.057390150309245e-05
bí,2,7.724415578914151e-05
dế,2,0.00015297255309466856
nẻo,2,9.490151044043707e-05
lúng,2,8.711386673067754e-05
giây,2,7.140186030907279e-05
va,1,3.9127966177948614e-05
uống,1,5.1525823626147934e-05
dạ,1,5.347339516279761e-05
tết,1,2.9708180158867724e-05
uổng,1,2.2535263523503078e-05
dúng,1,7.101110811781684e-05
tẻ,1,5.5558386797030385e-05
dũng,1,3.209589399039245e-05
viến,1,6.685034790589673e-05
vang,1,5.140647481267254e-05
tẳng,1,3.286517438888455e-05
dạnh,1,4.281165513818411e-05
ưng,1,4.7544368917887915e-05
uể,1,3.787152248605652e-05
bấy,1,3.4842520226233866e-05
tụi,1,2.2718778878866136e-05
tủ,1,3.518646137282572e-05
ướt,1,3.0486881155407265e-05
tờ,1,2.5278987061974955e-05
gượng,1,3.818927270359383e-05
tớ,1,1.7685390540386737e-05
an,1,4.315785821511057e-05
tội,1,2.2535263523503078e-05
gạch,1,3.847892591766525e-05
gạo,1,1.200915456960739e-05
tồn,1,5.1085767690219896e-05
gó,1,3.447888844944115e-05
đứt,1,3.164278406019767e-05
tồi,1,3.764677624398514e-05
ấm,1,3.49722063705033e-05
ốc,1,3.860672510315986e-05
gạy,1,5.157004150045442e-05
ức,1,4.35294478308112e-05
tựa,1,3.017370074387774e-05
ủng,1,3.06541109263041e-05
ủa,1,5.1289367452323394e-05
tựu,1,2.721105645014831e-05
đụng,1,2.8138040977676578e-05
tố,1,3.855755123445575e-05
tỏ,1,3.272491617803698e-05
dưỡng,1,4.180297493852126e-05
uy,1,3.209589399039245e-05
dược,1,2.0502777600136684e-05
uyển,1,3.058176194410193e-05
gẫn,1,6.91284698152675e-05
and,1,4.948310555446755e-05
điểu,1,5.8726162350568976e-05
viển,1,7.730314503795479e-05
xoay,1,2.700162876559843e-05
đò,1,1.620095525365779e-05
dã,1,2.9540921016029937e-05
bào,1,3.5602069975419545e-05
giàng,1,4.004327383155842e-05
dọng,1,4.845916829625418e-05
xáo,1,3.6595889210666e-05
dọa,1,2.3717362572791604e-05
xào,1,2.7494047611415212e-05
đĩa,1,2.4258813715635573e-05
đĩnh,1,3.800720879755513e-05
đơ,1,2.411076735819473e-05
giãng,1,5.003441036529084e-05
buốn,1,5.82116895369736e-05
dỗi,1,3.884926309478227e-05
xi,1,1.9064820190725913e-05
đạc,1,3.800720879755513e-05
dẽ,1,5.000739962447638e-05
giạy,1,4.618551857827724e-05
đạm,1,2.8030235114603775e-05
đạng,1,6.148139282252322e-05
xao,1,2.3000048827103547e-05
giả,1,2.2774933105077444e-05
buối,1,3.497415516178041e-05
dán,1,2.1496031070248417e-05
buôi,1,3.038295935295961e-05
giảo,1,4.955874591773361e-05
đính,1,1.783368558095507e-05
dãi,1,7.032340489917042e-05
viễn,1,2.3348841652995864e-05
gao,1,4.6124645319536625e-05
dứt,1,2.9066343996480067e-05
bán,1,2.922895531420466e-05
đà,1,3.3179558952978265e-05
đài,1,3.968722245146e-05
đàu,1,4.031354910653226e-05
đao,1,4.677446209977178e-05
bâng,1,2.534716116983553e-05
ùn,1,1.200915456960739e-05
ôi,1,3.767776522307447e-05
óc,1,3.532276474874869e-05
òm,1,2.1927572699714473e-05
âu,1,2.0416930319644474e-05
ghen,1,1.9590604743028536e-05
đình,1,2.584170227178982e-05
bê,1,2.3193263257121848e-05
áo,1,3.0486881155407265e-05
bàu,1,3.121138314713233e-05
đâm,1,2.6634723037374215e-05
àm,1,3.507989436408283e-05
ghét,1,3.747852683646146e-05
đè,1,2.5340039925877133e-05
gi,1,5.105625136976654e-05
đê,1,5.883978824519625e-05
xứ,1,3.145672975216897e-05
giai,1,2.6252062378619968e-05
xắp,1,2.9859327058900158e-05
vựa,1,2.3348841652995864e-05
giận,1,3.884926309478227e-05
đất,1,3.747852683646146e-05
vên,1,4.1481747191592817e-05
vơi,1,2.5580749824239956e-05
vơ,1,3.648671507803419e-05
gom,1,3.6514808278974e-05
đễ,1,7.010336107427378e-05
võ,1,2.8646877010332913e-05
đệ,1,4.9039365024190944e-05
gt,1,3.4490665161165056e-05
địa,1,2.6348955493449545e-05
vóc,1,2.0155616476274576e-05
bia,1,5.1525823626147934e-05
vò,1,2.1248360586725847e-05
bơi,1,5.6701883456580344e-05
dông,1,4.810741997863355e-05
vừ,1,5.976595561247814e-05
vã,1,3.58690659286054e-05
đốn,1,3.666411594033223e-05
vá,1,4.308059284707573e-05
đống,1,2.877427210713956e-05
bưng,1,1.6544195978532735e-05
bi,1,3.47003454678907e-05
gác,1,3.5170113026716855e-05
vu,1,3.648671507803419e-05
best,1,6.190744013189876e-05
von,1,3.625567300774624e-05
gái,1,5.7553118523778665e-05
gán,1,4.298929044640764e-05
dả,1,1.8849696864372148e-05
đếm,1,2.0017508879426036e-05
vươn,1,4.5276515815766766e-05
đế,1,2.121587010824887e-05
vủi,1,7.41547381190783e-05
giật,1,4.412247394818692e-05
vợ,1,1.9590604743028536e-05
đấy,1,3.620597368771149e-05
dẹp,1,2.6749342951391075e-05
đẫm,1,3.0486881155407265e-05
vọc,1,3.233661172286865e-05
giỡn,1,2.9658359634615402e-05
đật,1,6.56671511403582e-05
bôi,1,2.5340039925877133e-05
búa,1,3.233955162729169e-05
vẹo,1,2.2262861328004534e-05
đắng,1,5.804328107647418e-05
vặn,1,2.2262861328004534e-05
giục,1,4.9876232207453334e-05
đắp,1,3.2079718129809886e-05
đắt,1,2.1207789277354356e-05
đằng,1,5.4751653608613425e-05
đẳng,1,3.855368198383101e-05
vần,1,6.030644228665539e-05
vầ,1,6.696461134358084e-05
đặp,1,4.077342187297432e-05
dầy,1,6.560741539768105e-05
băn,1,4.5104818080761784e-05
vạ,1,1.200915456960739e-05
cáu,1,3.884926309478227e-05
thậy,1,5.503344977126011e-05
duyên,1,6.405943119232848e-05
rơi,1,3.629257107868078e-05
niên,1,2.5516205133742052e-05
lèo,1,2.687248192409819e-05
nán,1,4.749060606821512e-05
náo,1,5.3346087420033466e-05
chồng,1,3.715125852762972e-05
nét,1,4.570513440921925e-05
chốt,1,4.4024198125955106e-05
lãnh,1,2.8030235114603775e-05
nòng,1,3.155193128274934e-05
chốn,1,4.2933189821371285e-05
lâp,1,2.9289088387808178e-05
chối,1,2.8484420480190387e-05
lát,1,5.15042411979528e-05
luật,1,2.240516005255931e-05
cấm,1,2.5709205249799894e-05
luyên,1,3.383243205918491e-05
loạn,1,1.895014845282545e-05
chội,1,2.1207789277354356e-05
nhủ,1,4.6421510046731936e-05
lê,1,3.389907849389189e-05
nhắn,1,5.460515447642899e-05
nhó,1,5.993036285225237e-05
nhói,1,3.53217428224183e-05
nhăn,1,5.993036285225237e-05
nhạy,1,4.031184038463355e-05
nhảnh,1,3.857055284969543e-05
chờn,1,4.3789999002441694e-05
lõng,1,1.200915456960739e-05
nhằng,1,6.228498454682758e-05
cạn,1,2.759224874441166e-05
nhặt,1,3.73387867329195e-05
lông,1,1.2541811662858217e-05
nhẽo,1,5.1955041733447034e-05
nhỉ,1,2.819351865036701e-05
nhị,1,2.5227058562683336e-05
nhọc,1,4.196413480393024e-05
lí,1,3.507335455912175e-05
liệt,1,2.922692524457141e-05
liều,1,2.8712943967012188e-05
oan,1,3.753317531847707e-05
ren,1,3.434853626664563e-05
kiễn,1,1.895014845282545e-05
quơ,1,2.534716116983553e-05
chập,1,4.3789999002441694e-05
quận,1,2.5516205133742052e-05
quặc,1,6.650489319114747e-05
quỹ,1,4.084727425896218e-05
chấy,1,3.867282571586347e-05
reo,1,4.235151046615602e-05
quãng,1,3.680553820524388e-05
kiêm,1,6.467226645838627e-05
rung,1,2.7863752318596516e-05
ráng,1,4.479806143058058e-05
rát,1,4.560038091953143e-05
rít,1,2.411076735819473e-05
rôi,1,4.582738844427144e-05
chấn,1,4.16605925585377e-05
kiệm,1,4.5026855802975265e-05
kiệp,1,5.718420469183049e-05
oải,1,3.787152248605652e-05
chắt,1,4.124676939267479e-05
liêu,1,3.222089628808675e-05
leo,1,5.834241689162942e-05
phích,1,2.986433967511711e-05
chặn,1,1.9064820190725913e-05
phóng,1,3.29780065537276e-05
phông,1,3.781059862775374e-05
chẵn,1,3.4592699357551725e-05
kỷ,1,2.0416930319644474e-05
quài,1,4.91822610401327e-05
cẩu,1,3.7015898174706516e-05
chắp,1,4.308059284707573e-05
kệ,1,2.819351865036701e-05
cậu,1,1.7685390540386737e-05
kẹo,1,4.5602212642967804e-05
pin,1,3.897488705929263e-05
kí,1,2.9699861372894766e-05
nhí,1,3.857055284969543e-05
nhìu,1,4.552144503091167e-05
lước,1,4.4535475810297046e-05
mớ,1,5.447773051687601e-05
mẽ,1,4.9778562499580995e-05
microphone,1,4.2100753528437144e-05
mỉm,1,3.825453867464908e-05
càu,1,4.1840308971071546e-05
mốt,1,4.9523547069774444e-05
cùi,1,4.862418653233696e-05
mộ,1,4.824564156325998e-05
ma,1,4.33672583171793e-05
miệt,1,3.4490665161165056e-05
lỳ,1,3.733678474251377e-05
mỹ,1,5.381220468224649e-05
nang,1,3.495311637657828e-05
lủng,1,3.01310364723068e-05
ngang,1,3.0394810144695037e-05
cuỗi,1,3.5556751590325725e-05
nghi,1,3.081922096936905e-05
mẹo,1,3.431518312097178e-05
mắng,1,2.872446365482457e-05
nghiền,1,2.6787768602199724e-05
măng,1,1.9064820190725913e-05
mây,1,4.7968959842353194e-05
mãn,1,3.5602069975419545e-05
mòn,1,3.426552353328219e-05
món,1,4.1181880421873594e-05
cáp,1,4.762741337478732e-05
mù,1,3.393151245055235e-05
mùa,1,2.407862058107828e-05
mưa,1,2.33866606869266e-05
cày,1,3.883701344549574e-05
mài,1,3.4490665161165056e-05
mải,1,3.351037240244928e-05
muôn,1,2.881578739252392e-05
mấu,1,4.4024198125955106e-05
mẫn,1,5.670806060512547e-05
cãi,1,4.227429815096588e-05
mập,1,3.5925124922558056e-05
lờ,1,1.802001718808816e-05
nghìn,1,2.7863752318596516e-05
nháy,1,2.411076735819473e-05
co,1,7.940612010029389e-05
cơm,1,1.867999931889916e-05
ngắt,1,3.8333871389791345e-05
ngọn,1,6.477848880630376e-05
ngọng,1,3.553704287725367e-05
ngốc,1,4.605371522578192e-05
lận,1,4.7019379763926637e-05
ngớ,1,2.537650418953765e-05
nhai,1,5.310463667853221e-05
ngẫu,1,3.308558856276348e-05
cơn,1,2.9504540842396724e-05
lấn,1,6.158149564893072e-05
lảng,1,3.517662284678999e-05
nhiếu,1,5.068493710382953e-05
nho,1,5.290998576660758e-05
lạm,1,4.227170734577841e-05
nhàu,1,4.1840308971071546e-05
ngậm,1,2.759224874441166e-05
ngẩn,1,2.537650418953765e-05
cuốc,1,3.883701344549574e-05
lẻ,1,3.4592699357551725e-05
lốc,1,1.7685390540386737e-05
lỏng,1,3.164278406019767e-05
cu,1,1.9630088011553805e-05
ngiêm,1,4.348496126008206e-05
ngoảnh,1,1.7070323606533664e-05
ngu,1,4.0517774310560404e-05
nguy,1,4.310524535505501e-05
ngàng,1,2.0022814015832566e-05
ngầu,1,6.213329935280465e-05
lẹ,1,3.814904931634658e-05
lặt,1,4.115055031061409e-05
ngùi,1,2.759224874441166e-05
ngơi,1,4.289112600281955e-05
lắc,1,3.098536979895096e-05
ngạt,1,3.641789373782746e-05
ngầm,1,3.217595835530052e-05
răn,1,4.8456516929485394e-05
rải,1,2.5503693320514704e-05
gọc,1,6.265239230493575e-05
chảy,1,3.465952573953899e-05
hù,1,2.3717362572791604e-05
hóm,1,3.0710765229609824e-05
trc,1,3.1508565365135266e-05
tri,1,2.2252486467548146e-05
triền,1,2.1248360586725847e-05
hòng,1,5.244179184871433e-05
triệu,1,7.684517356588944e-05
dan,1,3.854892325253267e-05
bụt,1,3.791601822875019e-05
truyên,1,7.604908216213218e-05
truyển,1,5.367344353850172e-05
trái,1,1.7070323606533664e-05
hè,1,2.407862058107828e-05
trâu,1,6.94790124601419e-05
hãi,1,3.6511408060711845e-05
hâm,1,4.824564156325998e-05
hát,1,3.648671507803419e-05
hùng,1,3.209589399039245e-05
bự,1,5.1636735005390594e-05
top,1,5.1615353377091206e-05
cha,1,4.035445649478663e-05
mâu,1,2.827813186323862e-05
thờ,1,8.204706850950302e-05
hầm,1,4.1893956986651816e-05
thợ,1,3.649818354055923e-05
thục,1,3.8026412543662424e-05
chay,1,1.2541811662858217e-05
hạt,1,3.7262260915159476e-05
hạng,1,2.9686430852227753e-05
toi,1,5.993559340017061e-05
tiêp,1,5.157004150045442e-05
hạ,1,2.515203637973978e-05
hưng,1,4.385923990696117e-05
cau,1,4.604017212175835e-05
bực,1,5.209990847544048e-05
tiệm,1,4.106408084527628e-05
hú,1,5.252903248532857e-05
trôi,1,4.12996908538303e-05
trông,1,3.169462191750083e-05
trúng,1,1.7844931458020527e-05
hao,1,2.5432375108971923e-05
tê,1,2.9721856341445548e-05
têu,1,2.472044154609458e-05
hiếu,1,3.6168702217412274e-05
bẻ,1,1.7685390540386737e-05
tò,1,3.4798991242485426e-05
hiên,1,2.9110854487735036e-05
tôt,1,7.573761469843905e-05
bắng,1,4.410889778143404e-05
hiểm,1,3.873803902851218e-05
han,1,2.5793758596030887e-05
bắc,1,2.9686430852227753e-05
tạm,1,6.234647436231665e-05
gục,1,2.7449243201206553e-05
tạt,1,1.7685390540386737e-05
gờ,1,5.187661377618145e-05
gốc,1,2.320245109527202e-05
té,1,6.127116715805368e-05
hiển,1,5.435692731709986e-05
trăc,1,4.947319165765148e-05
trộn,1,3.6595889210666e-05
trăm,1,2.3717362572791604e-05
trăn,1,3.0257032609947005e-05
dealine,1,3.684137152492148e-05
trận,1,4.33672583171793e-05
trể,1,3.935910776979277e-05
bổn,1,4.173643944657269e-05
trọ,1,4.8667872165988356e-05
diễu,1,8.162065803896515e-05
du,1,3.929024399919824e-05
bồ,1,4.98045005191933e-05
tuyển,1,3.892833376053534e-05
hiệp,1,3.110413302523686e-05
tuệ,1,1.5975390368292974e-05
tà,1,2.5278987061974955e-05
bốc,1,1.8970540026189476e-05
tá,1,1.2032690405809821e-05
chui,1,3.1177950958879225e-05
thẩy,1,7.379454913136677e-05
hẹn,1,5.6888660978542815e-05
khuông,1,3.426552353328219e-05
su,1,4.626580792800687e-05
cổng,1,2.922895531420466e-05
khâm,1,4.5977474006399775e-05
sàn,1,1.8062090213848115e-05
kháng,1,3.343452075322762e-05
khuấy,1,4.7567779881516795e-05
sáo,1,6.190744013189876e-05
sô,1,5.288426271198659e-05
khóc,1,4.035445649478663e-05
sư,1,4.604611387660453e-05
sưu,1,2.5095670651220725e-05
sướng,1,4.7438936436988346e-05
khu,1,4.346491405451884e-05
khoăn,1,4.5104818080761784e-05
khoát,1,2.9066343996480067e-05
khoan,1,3.700221598636553e-05
soản,1,3.1707143945811745e-05
khôg,1,6.219147678048592e-05
khiêng,1,3.964157744254494e-05
khắn,1,3.6025143718616606e-05
rắm,1,5.688937576896095e-05
rắn,1,4.348496126008206e-05
rắt,1,3.893498384734437e-05
rệt,1,3.918040609192195e-05
rỏ,1,3.381877223289734e-05
rỗng,1,6.190744013189876e-05
khẳng,1,2.2477525356994346e-05
khẩn,1,3.317938579608019e-05
cọc,1,1.7685390540386737e-05
cặp,1,1.9841845416587483e-05
khản,1,4.3766498204163e-05
sat,1,2.7682225570955784e-05
chạm,1,3.297093779124489e-05
semimar,1,2.534716116983553e-05
cọ,1,4.474774704942807e-05
chường,1,2.6787768602199724e-05
sọ,1,2.2477525356994346e-05
sỡ,1,2.516866626182872e-05
chuyến,1,4.102597746699312e-05
hỏa,1,1.2032690405809821e-05
hố,1,3.629257107868078e-05
thây,1,7.138297416887547e-05
thèm,1,4.268747047471919e-05
thê,1,3.389907849389189e-05
chàn,1,2.7682225570955784e-05
củ,1,2.649567767801206e-05
thía,1,5.587982601801692e-05
chuốt,1,3.574500041253579e-05
thà,1,6.0354918184757974e-05
thơ,1,3.8405921080945804e-05
họng,1,3.9326123352403964e-05
chuông,1,2.7863752318596516e-05
thước,1,3.781059862775374e-05
thả,1,3.7015898174706516e-05
thảm,1,2.6787768602199724e-05
hỉnh,1,3.0710765229609824e-05
hồn,1,5.7306643347812405e-05
hổ,1,5.103410505721512e-05
khinh,1,2.5360910335059485e-05
the,1,6.190744013189876e-05
chùi,1,2.1207789277354356e-05
tao,1,1.7685390540386737e-05
ide,1,2.7551494243802183e-05
chót,1,4.6604779728104426e-05
than,1,4.879572032897927e-05
cở,1,3.257984219810043e-05
hứa,1,3.3639234902466606e-05
chìa,1,4.97914172845216e-05
thuế,1,1.5268360876584915e-05
thiêng,1,2.240516005255931e-05
hở,1,2.520448050960701e-05
thoạt,1,3.902536257989988e-05
hỗn,1,1.895014845282545e-05
thuyên,1,3.383243205918491e-05
thuẫn,1,2.827813186323862e-05
hổi,1,5.529537322182642e-05
dùm,1,5.5262651771662554e-05
